unrolling factor,Time ms
1,29.100000
2,16.143000
4,9.155000
8,8.089000
16,8.530000
32,10.189000