unrolling factor,Time ms
1,22.505000
2,14.130000
4,9.470000
8,7.322000
16,7.667000
32,8.122000